url,credibility
il-quotidiano.info,low
terrarealtime.blogspot.com,low
it.sputniknews.com,low
laverita.info,low
liberoquotidiano.it,low
lavocedelpatriota.it,low
viralmagazine.it,low
imolaoggi.it,low
ilprimatonazionale.it,low
skytg24news.it,low
ununiverso.it,low
tankerenemy.com,low
tmcrew.org,low
pandoratv.it,low
nibiru2012.it,low
liberamenteservo.com,low
libreidee.org,low
ilpuntosulmistero.it,low
hackthematrix.it,low
filosofiaelogos.it,low
effervescienza.org,low
ecplanet.org,low
disinformazione.it,low
conoscenzealconfine.it,low
ilfattoquotidaino.it,low
siamonapoletani.org,low
corrieredelcorsaro.it,low
pianetax.wordpress.com,low
olivieromannucci.blogspot.com,low
neovitruvian.wordpress.com,low
madreterra.myblog.it,low
laveritadininconaco.altervista.org,low
ilsapereepotere2.blogspot.com,low
freeondarevolution.wordpress.com,low
compressamente.blogspot.com,low
aurorasito.wordpress.com,low
altrarealta.blogspot.com,low
accademiadellaliberta.blogspot.com,low
webtg24.com,low
voxnews.info,low
noidiminerva.it,high
tuttiicriminidegliimmigrati.com,low
tg24-ore.com,low
superquark.rai.it,high
saper-link-news.com,low
leganerd.com,high
sostenitori.info,low
silenziefalsita.it,low
lonesto.it,low
medicisenzafrontiere.it,high
avvenire.it,high
italianosveglia.com,low
today.it,high
jedanews.it,low
scetticamente.it,high
iltempo.it,high
informazionelibera.eu,low
adnkronos.com,high
informarexresistere.fr,low
lettera43.it,high
home.infn.it,high
infn.it,high
agi.it,high
il-giornale.info,low
ilpost.it,high
essere-informati.it,low
rainews.it,high
direttanews24.com,low
galileonet.it,high
ilgazzettino.it,high
comedonchisciotte.org,low
scienzainrete.it,high
verascienza.com,high
tg24.sky.it,high
byoblu.com,low
nanopress.it,high
breaknotizie.com,low
lescienze.it,high
ilmattino.it,high
5stellenews.com,low
leggo.it,high
interagisco.net,low
scienze-naturali.it,high
quotidiano.net,high
lettoquotidiano.it,low
liberascienza.it,high
huffingtonpost.it,high
ilvostropensiero.it,low
ilsole24ore.com,high
catenaumana.it,low
lastampa.it,high
adessobasta.org,low
ilgiornale.it,high
ansa.it,high
daily-screen.com,low
fanpage.it,high
zapping2017.myblog.it,low
coelum.com,high
ilfattoquotidiano.it,high
skynew.it,low
gravitzero.com,high
ilmessaggero.it,high
mondodiannunci.com,low
queryonline.it,high
tgcom24.mediaset.it,high
ilmessangero.it,low
oggiscienza.it,high
corriere.it,high
notiziarioromacapitale.blogspot.com,low
cicap.org,high
repubblica.it,high
mag24.es,low
scientificast.it,high
corvelva.it,low
zazoom.it,low
laseroffice.it,low
lanuovabq.it,low
dianalanciotti.it,low
informazione.it,high
cdt.ch,high
open.online,high
startmag.it,high
aifa.gov.it,high
lercio.it,low
playhitmusic.it,low
scenarieconomici.it,low
rassegneitalia.info,low
salernonotizie.it,low
va.newsrepublic.net,low
money.it,high
stopcensura.online,low
radioradio.it,low
renovatio21.com,low
numero6.org,low
abruzzoweb.it,low
rai.it,high
maurizioblondet.it,low
laforzadellaverita.com,low
linkiesta.it,high
pinomerola.com,low
wired.it,high
novanews24.altervista.org,low
ilfoglio.it,high
opiniapublica.info,low
affaritaliani.it,high
notiziedi.it,high
ziare.com,low
tigulliomagazine.wordpress.com,low
quotidianopiemontese.it,high
la7.it,high
tio.ch,high
unionesarda.it,high
nicolaporro.it,low
a.msn.com,high
gospanews.net,low
ilmanifesto.it,high
csera.it,high
maurizioblondet.it,low
databaseitalia.it,low
lanotiziagiornale.it,high
corrierequotidiano.it,high
occhionotizie.it,high
sadefenza.org,low
infermieristicamente.it,high
quifinanza.it,high
lantidiplomatico.it,low
lanazione.it,high
ilriformista.it,high
grandeinganno.it,low
rumble.com,low
humansarefree.com,low
quotidianosanita.it,high
weser-kurier.de,high
corrieredellumbria.corr.it,high
epochtimes.de,low
blog-news.it,low
butac.it,high
pagellapolitica.it,high
salute.gov.it,high
recnews.it,low
ogginotizie.info,low
stiripesurse.ro,low
tecnicadellascuola.it,high
napolimagazine.com,low
valigiablu.it,high
controinformazione.info,low
saluteh24.com,low
ilgiorno.it,high
secoloditalia.it,high
it.euronews.com,high
infosec.news,high
ema.europa.eu,high
see.news,high
italiaviva.it,high
ottopagine.it,high
albertocallequotidianopolitico.blogspot.com,low
blogsicilia.it,low
beppegrillo.it,high
agenzianova.com,high
iltirreno.gelocal.it,high
cosenzachannel.it,high
anteprima24.it,high
farodiroma.it,low
alfiokrancic.com,low
detoxed.info,low
kulturjam.it,high
salutelazio.it,high
tg.la7.it,high
lagazzettadelmezzogiorno.it,high
tpi.it,high
nursetimes.org,high
congedatifolgore.com,high
francescoamodeo.it,low
it.insideover.com,high
smorfiadigitale.it,low
vatican.va,high
editorialedomani.it,high
ilsecoloxix.it,high
rt.com,high
lapresse.it,high
medicinapiccoledosi.it,low
www.ilsussidiario.net,high
gds.it,high
vivereinsardegna.it,low
dire.it,high
it.aleteia.org,high
ilrestodelcarlino.it,high
fai.informazione.it,low
citymilano.com,low
assocarenews.it,high
welfarenetwork.it,high
dagospia.com,low
vivereinmodonaturale.com,low
informaresenzacensure.blogspot.com,low
vaccinivogliamoverita.it,low
informasalus.it,low
mednat.org,low
laviadiuscita.net,low
nardellamichele.blogspot.com,low
lalucedimaria.it,low
stopcensura.org,low
stopcensura.info,low
ilpopulista.it,low
segnidalcielo.it,low
ambientebio.it,low
infosannio.com,low
jedanews.com,low
lacrunadellago.net,low
notizie-donna.it,low
autismovaccini.org,low
nogeoingegneria.com,low
fanmagazine.it,low
fonteverificata.it,low
giuliotarro.it,low
ilariabifarini.com,low
mednat.news,low
freeworldnews.tv,low
21stcenturywire.com,low
79days.news,low
369news.net,low
911truth.org,low
acallforanuprising.com,low
latitudes.org,low
activistpost.com,low
additudemag.com,low
ageofautism.co,low
anh-usa.or,low
altermedzentrum.com,low
thealternativedaily.com,low
amtvmedia.com,low
althealthworks.com,low
altleft.news,low
amg-news.com,low
americanpolicy.org/about-us,low
americasfrontlinedoctors.com,low
ancient-code.co,low
ancient-origins.ne,low
anewspost.com,low
anyavien.com,low
apost.com,low
asia-pacificresearch.com,low
askingangels.com,low
australiannationalreview.com,low
banned.video,low
beholdisrael.org,low
bestnewshere.com,low
biggovernment.news/index.htm,low
biodefense.com,low
biologos.org,low
biotechexpressmag.com,low
blacklistednews.com,low
bonsens.info,low
brandnewtube.com,low
brighteon.com,low
brightside.me,low
bugout.news/,low
campusinsanity.com,low
cancer.news,low
catholic.org,low
charismanews.com,low
childrenshealthdefense.org,low
chlorellafactor.com,low
cbn.co,low
legitgov.org,low
climatedepot.com,low
climatism.blo,low
climate.news,low
cnnsofake.news,low
coasttocoastam.com,low
collapse.news,low
cfact.or,low
consciouslifenews.com,low
consumerwellness.org,low
counterthink.com,low
dailyhealthpost.co,low
dailysceptic.org,low
discovery.org,low
disobedientmedia.com,low
distributednews.com,low
doctoroz.com,low
doctors4covidethics.org,low
drnorthrup.com,low
ecology.news,low
educateinspirechange.org/us,low
electroverse.net,low
eugenics.news,low
evolutionnews.org,low
fabiosa.com,low
faithit.com,low
food.news,low
freedomadvocates.or,low
freedomainradio.com,low
freedom.news,low
fromthetrenchesworldreport.com,low
covid19criticalcare.co,low
gaia.com,low
geoengineering.news,low
getholistichealth.com,low
glitch.news,low
globalresearch.ca,low
gmowatch.com,low
gmwatch.org,low
godlikeproductions.com,low
goop.com,low
greenmedinfo.com,low
greenpeace.org,low
healthandmoneynews.wordpress.com,low
healingfoodreference.com,low
healingoracle.ch,low
health.news,low
healthnutnews.co,low
healthrangerreport.com,low
hsionline.com,low
healthyandnaturalworld.com,low
healthyfoodhouse.com,low
healthy-holistic-living.co,low
herbreference.com,low
higherperspectives.com,low
homevaccineeducationnetwork.com,low
humansarefree.com,low
iceagenow.inf,low
iheartintelligence.com,low
informationclearinghouse.info,low
infowars.com,low
ingredients.news,low
icr.org,low
intellihub.com,low
climatescienceinternational.or,low
investmentwatchblog.com,low
theirishsentinel.com,low
jedanews.com,low
jesusdaily.co,low
joebiden.news,low
learntherisk.or,low
leftcult.com,low
lesmoutonsrebelles.com,low
liberty.new,low
libertyplanets.com,low
libtards.news,low
littlethings.com,low
livingwhole.org,low
medicaldaily.com,low
medicalkidnap.com,low
medicalmedium.com,low
medicine.news,low
mercola.com,low
modernalternativemama.com,low
nationalfile.com,low
nationalsecurity.news,low
naturalmedicine.news,low
naturalnews.com,low
naturalnewsblogs.com,low
naturalnewsradio.com,low
naturalpedia.com,low
neuronation.com,low
notrickszone.com,low
nowtheendbegins.co,low
nutrientreference.com,low
occupyyourself.or,low
off-guardian.or,low
organicconsumers.org,low
organicfacts.ne,low
oye.new,low
pandemic.news,low
patriots4truth.org,low
physiciansforinformedconsent.org,low
pollution.news,low
prepareforchange.ne,low
prevention.com,low
principia-scientific.org,low
pdmj.org,low
prophecynewswatch.com,low
qanon.pub,low
randpaul.news,low
realclimatescience.com,low
redpillpodcasts.com,low
returntonow.net,low
santeplusmag.com,low
science.news,low
sciencevibe.co,low
skeptiko.com,low
snopes.news,low
space.news,low
stillnessinthestorm.com,low
supplementreference.com,low
swprs.org,low
talknetwork.com,low
technocracy.news,low
theantimedia.com,low
theexpose.uk,low
eutimes.net,low
thefullertoninformer.com,low
greanvillepost.com,low
healthranger.com,low
thehealthyamerican.org,low
thehighwire.com,low
thelibertybeacon.com,low
themindunleashed.com,low
thepuristonline.com,low
therundownlive.com,low
thetruthaboutcancer.com,low
vermontindependent.net,low
wakingtimes.co,low
thinkinghumanity.com,low
thoughtcatalog.com,low
thriveglobal.com,low
treason.news,low
trialsitenews.com,low
truepundit.com,low
vaccineimpact.com,low
vrevealed.com,low
vaccinesafety.info,low
vactruth.com,low
veteranstoday.com,low
vigilantcitizen.com,low
votefraud.news,low
wearechange.org,low
westonaprice.org,low
whatreallyhappened.com,low
whitehouse.news,low
wikispooks.com,low
worldaffairsbrief.co,low
worlddoctorsalliance.com,low
worldhealth.net,low
worldlifestyle.com,low
zerohedge.com,low
secondamendmentdaily.com,low
100percentfedup.com,low
12minutos.com,low
24jours.com,low
us24news.co,low
2020conservative.com,low
acting-man.com,low
actionnews3.co,low
elizabethjohnston.org,low
adareporter.com,low
adamscountytimes.com,low
albanystandard.com,low
albawaba.com,low
allnewspipeline.com,low
english.almanar.com.lb/abou,low
alphanews.org,low
americadaily.com,low
americanactionnews.com,low
americanconservativemedia.com,low
afa.net,low
afn.net,low
americasfreedomfighters.co,low
americangulag.org,low
americanlibertyemail.com,low
americanpatriotdaily.com,low
americanpeopledaily.com,low
amren.co,low
tfp.org,low
americanthinker.co,low
americantruthtoday.com,low
awm.co,low
americansarepissed.com,low
americansfortruth.co,low
americasnewssource.com,low
amestoday.com,low
analyzingamerica.org,low
andersonreporter.com,low
antelopevalleytoday.com,low
arabnews.com,low
archaeology-world.com,low
aapsonline.org,low
athensreporter.com,low
atlstandard.com,low
auburntimes.com,low
backroombuzz.com,low
baldwintimes.com,low
barenakedislam.com,low
basnews.com,low
bdnews24.com,low
beachbroadcastnews.com,low
beckernews.com,low
bentontimes.com,low
bestdailynews.info,low
bigislandtimes.com,low
bigleaguepolitics.com,low
billionbibles.or,low
bipartisanreport.co,low
bitchute.com,low
blackeyepolitics.com,low
blacknews.com,low
bloomingtonleader.com,low
bluegrasstimes.com,low
bluedotdaily.co,low
boisecitywire.com,low
bongino.co,low
bowlinggreentoday.com,low
bossip.com,low
breakingchristiannews.com,low
breakingfirst.com,low
breakingnews247.net,low
breakingnewshouse.com,low
breakingwide.com,low
breitbart.com,low
brevardsun.com,low
bridgeporttimes.com,low
britainfirst.org,low
c19aspirin.com,low
c19ly.com,low
caixinglobal.com,low
caldronpool.com,low
cap-news.com,low
carbondalereporter.com,low
english.cctv.com,low
cdareporter.com,low
cedarrapidstoday.com,low
centennialstatenews.com,low
centerforsecuritypolicy.org,low
centralbrowardnews.com,low
centralcoloradonews.com,low
centralgeorgianews.com,low
centralidahotimes.com,low
centraliowatimes.com,low
centraloctimes.com,low
chambanasun.com,low
checkpointasia.ne,low
chicagocitywire.com,low
chicotimes.com,low
cgtn.com,low
christianaction.org,low
citizensjournal.us,low
claycotimes.com,low
cloverchronicle.co,low
cnsnews.com,low
coachellatoday.com,low
coastalganews.com,low
cobbreporter.com,low
coconinonews.com,low
columbusstandard.com,low
concernedwomen.org/blog,low
conservapedia.co,low
conservativeammo.com,low
conservativebeaver.com,low
conservativedailynews.com,low
conservativefreepress.com,low
conservativematrix.com,low
conservativeplaylist.com,low
facebook.com/conservativepoliticstoday,low
conservativepost.co,low
conservativetoday.org,low
constative.com,low
constitutionstatenews.com,low
corona-transition.org,low
councilforthenationalinterest.org,low
c19early.com,low
cowgernation.com,low
dagospia.com,low
dailymail.co.u,low
dailystar.co.u,low
dailystormer.su,low
dailysurge.com,low
davidharrisjr.com,low
dcbluedot.co,low
dcgazette.com,low
decaturtimes.com,low
defconnews.com,low
defendingtherepublic.org,low
defiantamerica.com,low
dekalbganews.com,low
dekalbtimes.com,low
democrats.org,low
denvercitywire.com,low
deplorablekel.co,low
desmoinessun.com,low
discoverthenetworks.org,low
djhjmedia.com,low
dnyuz.com,low
dubuquetimes.com,low
dupagepolicyjournal.com,low
duvaltimes.com,low
eastalamedanews.com,low
eastarapahoenews.com,low
eastarizonanews.com,low
ecalabamanews.com,low
eastcentralreporter.com,low
eastcontracostanews.com,low
easthillsboroughnews.com,low
eastidahotimes.com,low
eastindynews.com,low
eciowanews.com,low
eastkentuckytimes.com,low
eastlittlerocktimes.com,low
eastlouisvillenews.com,low
eastpanhandlenews.com,low
eastpennyroyalnews.com,low
eastsandiegonews.com,low
eastsbvtimes.com,low
eastsfvtoday.com,low
eastsierranews.com,low
eastventuranews.com,low
eastvolusianews.com,low
eastwichitatimes.com,low
echocheck.org,low
ecindiananews.com,low
eckansasnews.com,low
elizabethtowntimes.com,low
emeraldcoasttimes.com,low
emirates247.com,low
en-volve.com,low
endthefed.org,low
europe-israel.org,low
everytownresearch.or,low
evil.news,low
abcbusinessnews.co,low
explainlife.co,low
frc.org,low
fashthenation.com,low
fayettevillestandard.com,low
femalista.com,low
firstinfreedomdaily.com,low
firststatetimes.com,low
fl24.net,low
flagandcross.com,low
focusonthefamily.com,low
foreignpolicyi.org,low
fortherightnews.com,low
fortsmithtimes.com,low
fr24news.com,low
frankspeech.com,low
freedomfirstnetwork.com,low
freedomproject.com,low
free-speechfront.info,low
freewestmedia.com,low
fresnoleader.com,low
friatider.se,low
frontpagemag.com,low
ftwaynetimes.com,low
gadsdentoday.com,low
galesburgreporter.com,low
gatestoneinstitute.org,low
gellerreport.com,low
gemstatewire.com,low
genzconservative.com,low
georgiamountainnews.com,low
gettr.com,low
ghost.report,low
gnews.org,low
goldcountrytoday.com,low
goldenstatetoday.com,low
gopdailybrief.com,low
gop.go,low
grainoftruth.ca,low
grandcanyontimes.com,low
grandjunctiontimes.com,low
en.granma.cu,low
greatamericandaily.com,low
greatamericanrepublic.co,low
greatreject.org,low
grundyreporter.com,low
grunge.com,low
gucmakale.com,low
gulfnews.com,low
hagmannreport.com,low
halturnerradioshow.com,low
hangthebankers.com,low
hannity.com,low
hartfordreporter.com,low
en.hawarnews.org,low
hawkeyereporter.com,low
headlineusa.com,low
headtopics.com/us/,low
hereistheevidence.com,low
hernandoreporter.com,low
honolulureporter.com,low
hoodsite.com,low
hoosierstatetoday.com,low
hopkinsvilletimes.com,low
hotspringstimes.com,low
housatonicvalleynews.com,low
huntsvilleleader.com,low
hutchtoday.com,low
iharare.com,low
ilovemyfreedom.org,low
illegalaliencrimereport.co,low
illicitinfo.co,low
illinoisvalleytimes.com,low
imperialcanews.com,low
independentsentinel.co,low
indystandard.com,low
innerstrength.zone,low
interioralaskanews.com,low
iowacitytoday.com,low
ipatriot.com,low
ivmmeta.com,low
jeffersonreporter.com,low
jocotoday.com,low
jonesborotimes.com,low
judicialwatch.or,low
justthenews.com,low
kanecountyreporter.com,low
kankakeetimes.com,low
kauaisun.com,low
kendallcountytimes.com,low
kentcountytoday.com,low
kentuckianatimes.com,low
kerncountytimes.com,low
keywestreporter.com,low
kingscountytimes.com,low
knightstemplarorder.com,low
kokomostandard.com,low
ladbible.com,low
lafayettetimes.com,low
laharbornews.com,low
lakecountygazette.com,low
laketahoesun.com,low
lancastercourier.com,low
larimernews.com,low
lastfrontiernews.com,low
lawrencereporter.com,low
laxleader.com,low
leftaction.com,low
libertybell.com,low
libertytalk.fm,low
libertynews.com,low
lifenews.com,low
lindelltv.com,low
litchfieldhillstoday.com,low
littleappletimes.com,low
louderwithcrowder.co,low
lowedeltanews.com,low
lucianne.com,low
maconreporter.com,low
macontimes.com,low
madworldnews.com,low
magicvalleytimes.com,low
mainstreamfakemedia.com,low
manateereview.com,low
marinleader.com,low
matsutimes.com,low
mauireporter.com,low
mchenrytimes.com,low
mcleancountytimes.com,low
mercedtimes.com,low
en.mercopress.com,low
en.metapedia.org/wiki/Main_Pag,low
metricmedianews.com,low
metroeastsun.com,low
miamicourant.com,low
micdroppolitics.com,low
middleamericandemocrat.co,low
mixi.media,low
mobilecourant.com,low
mohavetoday.com,low
montereytimes.com,low
moonbattery.co,low
front.moveon.or,low
msmlies.com,low
mtonews.com,low
munciereporter.com,low
nwiowanews.com,low
naplesstandard.com,low
naturecoasttimes.com,low
nationalinsiders.com,low
nationalpolicy.institute,low
nrlc.org,low
naturalstatenews.com,low
naugatucktimes.com,low
ncfloridanews.com,low
ncgeorgianews.com,low
nckansasnews.com,low
ncindiananews.com,low
nealabamanews.com,low
neatlantanews.com,low
necalinews.com,low
necoloradonews.com,low
neconnnews.com,low
nefloridanews.com,low
neindiananews.com,low
nekansasnews.com,low
nesacramentonews.com,low
nevalleytimes.com,low
news18.com,low
newsblaze.com,low
newsbreak.com,low
newsheist.com,low
newshourfirst.com,low
newspushed.com,low
newsready.com,low
newsrescue.com,low
newssloth.com,low
newswithviews.com,low
newsmax.com,low
en.newsner.co,low
newsview.gr,low
youtube.com/nextnewsnetwor,low
noqreport.com,low
nordicmonitor.com,low
northalaskanews.com,low
northbirminghamtimes.com,low
northbrowardnews.com,low
ncarkansasnews.com,low
northcoastcanews.com,low
northcooknews.com,low
northdsmnews.com,low
northegyptnews.com,low
northfultontoday.com,low
northgwinnettnews.com,low
northidahotimes.com,low
northindynews.com,low
northinlandnews.com,low
northiowareporter.com,low
northjeffconews.com,low
northlaketimes.com,low
northlittlerocktimes.com,low
northmianews.com,low
northoctimes.com,low
northpanhandlenews.com,low
northpimanews.com,low
northsactoday.com,low
northnewcastlenews.com,low
northsfvtoday.com,low
northsgvnews.com,low
northwichitanews.com,low
notallowedto.com,low
npr.news,low
nationalrighttolifenews.org,low
ntd.co,low
nwalabamanews.com,low
nwarkansasnews.com,low
nwatlantanews.com,low
nwconnnews.com,low
nwgeorgianews.com,low
nwillinoisnews.com,low
nwkansasnews.com,low
nwlatimes.com,low
nwriversidenews.com,low
nwvalleytimes.com,low
oaklandcitywire.com,low
objectivist.co,low
ocalastandard.com,low
occupydemocrats.co,low
okeechobeetimes.com,low
orlandostandard.com,low
outragedpatriot.com,low
pacificpundit.co,low
palmcoasttimes.com,low
panamacityreporter.com,low
parler.com,low
patriotfetch.com,low
thepatriotjournal.com,low
patriotreport.com,low
patrioticviralnews.com,low
pcmustdie.com,low
peachtreetimes.com,low
pensacolatimes.com,low
peoriastandard.com,low
perezhilton.com,low
personalinterpretation.com,low
personalliberty.com,low
phxreporter.com,low
pinaltoday.com,low
pinellastimes.com,low
pocatellotimes.com,low
political-discussion.com,low
politicalflare.co,low
thepoliticalinsider.co,low
politicalstate.org,low
politicsonline.net,low
polktimes.com,low
pomonavalleynews.com,low
pop.org,low
populist.press,low
prageru.co,low
prairiestatewire.com,low
pravdareport.com,low
presscalifornia.com,low
presscorp.org,low
presstv.ir,low
prntly.com,low
projectveritas.co,low
en.protothema.gr,low
protrumpnews.com,low
pulaskitimes.com,low
quillette.co,low
quincyreporter.com,low
rairfoundation.com,low
rationalground.com,low
rawconservativeopinions.com,low
realconservativesunite.co,low
redbluedivide.com,low
reddingtoday.com,low
redorbit.com,low
redvoicemedia.com,low
redwoodempirenews.com,low
reedcooper.ne,low
reformedmedia.net,low
republicandaily.net,low
gop.com,low
resistthemainstream.org,low
revolver.news,low
righterway.com,low
rsbnetwork.com,low
rightwingtribune.com,low
riverbendtimes.com,low
riverregiontimes.com,low
rockfordsun.com,low
rockislandtoday.com,low
roguereview.net,low
romereporter.com,low
de.rt.com,low
rudaw.net/englis,low
rumble.com,low
ruptly.tv,low
rushlimbaugh.com,low
russia-insider.com,low
tass.com,low
sacramentostandard.com,low
salemnewswire.com,low
sandiegocitywire.com,low
sanfransun.com,low
sangamonsun.com,low
sanjoaquintimes.com,low
sanjosestandard.com,low
santaclaratoday.com,low
santacruzstandard.com,low
sanmateosun.com,low
smobserved.co,low
sarasotareview.com,low
savannahstandard.com,low
scalaskanews.com,low
seatlantanews.com,low
sckansasnews.com,low
sealaskanews.com,low
searizonanews.com,low
secureamericanow.org,low
secoloradonews.com,low
seconnnews.com,low
sedenvernews.com,low
segeorgianews.com,low
seillinoisnews.com,low
seindiananews.com,low
seiowanews.com,low
selatimes.com,low
sfvtoday.com,low
sgvstandard.com,low
shoalstoday.com,low
shtfplan.com,low
siouxcitytimes.com,low
skepticink.com,low
sloreporter.com,low
sohu.com,low
solanosun.com,low
southalamedanews.com,low
southatlantanews.com,low
southbayleader.com,low
southbaysdnews.com,low
southbendtimes.com,low
sonsof1776.com,low
southalabamatimes.com,low
southbrowardnews.com,low
southcentralreporter.com,low
southcooknews.com,low
silnews.com,low
southernindianatoday.com,low
southdsmnews.com,low
southgeorgiatimes.com,low
southgwinnettnews.com,low
southindynews.com,low
southiowanews.com,low
southjeffconews.com,low
southlaketoday.com,low
southmianews.com,low
southnewcastlenews.com,low
southorlandonews.com,low
southpalmbeachtoday.com,low
southpinellastimes.com,low
southsactoday.com,low
southsfbaynews.com,low
southsgvnews.com,low
swillinoisnews.com,low
southwichitanews.com,low
springstimes.com,low
fr.sputniknews.com,low
snanews.de,low
it.sputniknews.com,low
stpetestandard.com,low
stanislausnews.com,low
stateofthenation.co,low
stoppingsocialism.com,low
southbirminghamtimes.com,low
southfultontoday.com,low
southoctimes.com,low
southpimanews.com,low
southsfvtoday.com,low
speech-point.com,low
stfnreport.com,low
strategic-culture.or,low
trumpstudents.org,low
summit.new,low
sunflowerstatenews.com,low
sunshinesentinel.com,low
supportisraelnow.com,low
survivalblog.com,low
sussexreview.com,low
swampdrain.co,low
swalaskanews.com,low
swarizonanews.com,low
swarkansastimes.com,low
swcoloradonews.com,low
swconnnews.com,low
swindiananews.com,low
swiowatimes.com,low
swkansasnews.com,low
swriversidenews.com,low
swvalleytimes.com,low
syrianews.cc,low
takimag.com,low
tallahasseesun.com,low
tamparepublic.com,low
tbdailynews.com,low
techstartups.com,low
telesurenglish.net,low
africanexponent.co,low
thebeardedpatriot.com,low
thebeltwayreport.com,low
thebl.com,low
theblacksphere.net,low
theblaze.com,low
buffalochronicle.co,low
thecoloradoherald.com,low
theconservativebrief.co,low
theconservativecentral.com,low
conservativepapers.com,low
thecountersignal.com,low
dailyboulder.com,low
thedailystar.com,low
dailywire.co,low
thedcpatriot.com,low
thedesertreview.com,low
thedonald.win,low
theduran.com,low
theepochtimes.co,low
thefederalist.com,low
thefreedomtimes.com,low
thefrisky.com,low
thegatewaypundit.com,low
joerogan.com,low
thelapost.com,low
lastresistance.com,low
thelaughclub.net,low
thelibertydaily.com,low
thelibertyloft.com,low
eng.majalla.com,low
thenationalpatriot.com,low
thenational.a,low
nationalistreview.net,low
other98.co,low
thepatriotnation.net,low
thepoliticalbrief.com,low
thepolitics.onlin,low
thepostemail.co,low
theragingpatriot.org,low
rebelnews.com,low
theredelephants.com,low
rfangle.com,low
theregionnews.com,low
therightstuff.biz,low
thescinewsreporter.co,low
sciencetimes.com,low
thescoop.us,low
thespectator.info,low
tehrantimes.com,low
thetruedefender.com,low
thetruereporter.com,low
thetruthvoice.net,low
theunionjournal.com,low
thewashingtonsentinel.co,low
chicagodaily.pr,low
toddstarnes.com,low
toofab.com,low
topekasun.com,low
toptopic.clu,low
torontotoday.net,low
tplnews.co,low
treasurecoastsun.com,low
treasurevalleytimes.com,low
trendingpolitics.com,low
trueviralnews.co,low
trumptrainnews.com,low
tucsonstandard.com,low
tularetimes.com,low
tuscaloosaleader.com,low
news.unclesamsmisguidedchildren.com,low
uncoverdc.com,low
uniteamericafirst.com,low
upperdeltanews.com,low
usbacklash.org,low
uslibertywire.clu,low
uslibertywire.com,low
usaisonline.com,low
usasupreme.com,low
usanetwork.inf,low
usrightleft.co,low
ussanews.com,low
vdare.com,low
verdugosnews.com,low
victorvalleytimes.com,low
viralcocaine.com,low
viralhatch.com,low
visiontimes.com,low
warnerrobinstoday.com,low
fibrohealthnews.com,low
thewashingtonpundit.co,low
washingtontimes.com,low
waterlootimes.com,low
waynedupree.com,low
wcgeorgianews.com,low
wcindiananews.com,low
wciowanews.com,low
westatlantanews.com,low
wethepeopledaily.com,low
wcalabamanews.com,low
westcentralreporter.com,low
westcontracostanews.com,low
westcooknews.com,low
westdsmnews.com,low
westeldoradonews.co,low
westflnews.com,low
westhillsboroughnews.com,low
westindynews.com,low
westlatimes.com,low
westoctimes.com,low
westsbvtimes.com,low
westsfvtoday.com,low
westsgvnews.com,low
westventuranews.com,low
westvolusianews.com,low
whatregistrater.com/xq28,low
wichitastandard.com,low
willcountygazette.com,low
winecountrytimes.com,low
wiregrasstimes.com,low
fox8.com,low
womenarehuman.com,low
facebook.com/WOMENSRIGHTSNEWS,low
worldgreynews.com,low
wnd.com,low
worldstarhiphop.com,low
wyandottetimes.com,low
news.cn,low
xinhuanet.com/english/home.ht,low
yavapainews.com,low
yellowhammertimes.com,low
yaliberty.org,low
yc.news,low
yournews.com,low
yubasuttertimes.com,low
z3news.com,low
zenith.news,low
sharylattkisson.com,low
articles.mercola.com,low
lifesitenews.com,low
airspacemag.com,high
allianceforscience.cornell.ed,high
aaas.or,high
cancer.org,high
agu.org,high
ajaonline.org,high
lung.org,high
ama-assn.org,high
aps.org,high
apa.org,high
americanscientist.org,high
archaeology.org,high
astronomy.com,high
skeptics.com.au,high
biomedcentral.co,high
biospace.com,high
carbonbrief.org,high
climatefeedback.org,high
cochrane.org,high
disabilityscoop.com,high
discovermagazine.com,high
drugs.com,high
britannica.com,high
eurekalert.or,high
everydayhealth.co,high
frontiersin.org/journals/psychology,high
genengnews.co,high
healio.com,high
healthfeedback.org,high
ieee.org,high
healthdata.org,high
issues.org,high
web.randi.org,high
jstor.org,high
livescience.com,high
medpagetoday.com,high
medscape.com,high
mentaldaily.com,high
nationalgeographic.co,high
nature.co,high
nautil.us,high
neurosciencenews.com,high
newatlas.com,high
nejm.org,high
news-medical.net,high
oceana.org,high
paho.org/e,high
phys.or,high
popsci.com,high
precisionvaccinations.co,high
pnas.org,high
psychcentral.com,high
psypost.org,high
pubmed.ncbi.nlm.nih.gov,high
us.sagepub.com/en-us/nam/journ%C3%A1l,high
scicentral.com,high
science.org/journal/sciad,high
scienceblogs.com,high
sciencedirect.co,high
sciencefeedback.co,high
scienceillustrated.com.au,high
science.org/journal/sciimmuno,high
science.org,high
science.org/journal/scirobotic,high
science.org/journal/signalin,high
science.org/journal/st,high
sciencealert.co,high
scitechdaily.com,high
seeker.com,high
skeptic.com,high
skepticalinquirer.org,high
skepticalraptor.co,high
skepticalscience.com,high
skyandtelescope.org,high
smithsonianmag.co,high
space.com,high
thelancet.com,high
thelogicofscience.com,high
the-scientist.com,high
unep.org,high
ornl.gov,high
vaxopedia.or,high
verywellfamily.com,high
webmd.com,high
5ideeinmovimento.blogspot.it,low
aidaa-animaliambiente.blogspot.it,low
albainternazionale.blogspot.it,low
attivistam5snews.blogspot.it,low
benitomussolini.altervista.org,low
blogdieles2.altervista.org,low
blogdieles.altervista.org,low
bloginmovimento.altervista.org,low
blogopenyoureyes.altervista.org,low
controinformo.altervista.org,low
corrieredelmattino.altervista.org,low
cvdiariodelpollinho.altervista.org,low
direttainfo.blogspot.it,low
direttanfo.blogspot.it,low
essenzialmentedonna.altervista.org,low
europeannews.altervista.org,low
facebooknotizia.altervista.org,low
ilbazarinformazione.blogspot.it,low
ilmessagero.altervista.org,low
ilradicale.altervista.org,low
informare.over-blog.it,low
informazionebycuriosity.altervista.org,low
jedasupport.altervista.org,low
lacucinasiciliana.altervista.org,low
lapillolarossa15.altervista.org,low
newstime24.altervista.org,low
nessuna-censura.com,low
notiziaitalica.altervista.org,low
notiziarioeuropeo.altervista.org,low
notiziariosegreto.wordpress.com,low
notizieinmovimentonews.blogspot.it,low
politicanews.altervista.org,low
ripuliamolitalia.altervista.org,low
rollingston.altervista.org,low
sadefenza.blogspot.it,low
siamorimastisoli.today,low
tg24h.altervista.org,low
tg24notizie.altervista.org,low
webnotice.altervista.org,low
webnews24h.it,low
zapping2017.myblog.it,low
cosmofruttariano3m.altervista.org,low
curiosityalive.altervista.org,low
ecocreando.weebly.com,low
guarireoggi.blogspot.it,low
ingannati.it,low
ilrisvegliodellamente.altervista.org,low
lastella.altervista.org,low
paradisefruit.altervista.org,low
thecancermagazine.blogspot.it,low
realscience.altervista.org,low
thedayafter2012.blogspot.com,low
accademiadellaliberta.blogspot.it,low
alcyonpleiadi.blogspot.it,low
altrarealta.blogspot.it,low
appunti2008.blogspot.it,low
aurorasito.wordpress.com,low
compressamente.blogspot.it,low
controinformoblog.altervista.org,low
cortesovrana.it,low
delta-leveritanascoste.blogspot.it,low
freeondarevolution.blogspot.it,low
ilnuovomondodanielereale.blogspot.it,low
ilsapereepotere.blogspot.it,low
ilsapereepotere2.blogspot.com,low
jhwhinri.blogspot.it,low
laveritadininconaco.altervista.org,low
madreterra.myblog.it,low
mondonews1.blogspot.it,low
neovitruvian.wordpress.com,low
notiziedalpopolo.altervista.org,low
nwonuovoordinemondiale.wordpress.com,low
olivieromannucci.blogspot.it,low
paoloferrarocdd.blogspot.it,low
pianetax.wordpress.com,low
presadicoscienza.altervista.org,low
questaitalia.wordpress.com,low
raggioindaco.wordpress.com,low
sitoaurora.wordpress.com,low
tankerenemymeteo.blogspot.it,low
terrarealtime.blogspot.com,low
terrarealtime2.blogspot.com,low
ununiverso.altervista.org,low
veritanwo.altervista.org,low
younetspiegalevele.altervista.org,low
wwwblogdicristian.blogspot.it,low
kontrokultura.it,low
viralmagazine.it,low
attivo.tv,low
vnews24.it,low
attiviamoci.org,low
conoscenzealconfine.it,low
complottisti.info,low
contro.tv,low
disinformazione.it,low
ecplanet.org,low
effervescienza.com,low
filosofiaelogos.it,low
hackthematrix.it,low
ilnavigatorecurioso.it,low
ilpuntosulmistero.it,low
libreidee.org,low
liberamenteservo.com,low
loguardoconte.info,low
luogocomune.net,low
misteriditalia.it,low
newapocalypse.altervista.org,low
nogeoingegneria.com,low
nibiru2012.it,low
pandoratv.it,low
tmcrew.org,low
tankerenemy.com,low
terrarealtime.blogspot.com,low
thetonicexpress.com,low
toba60.com,low
ununiverso.it,low
alleanzadellasalute.info,low
assis.it,low
autismovaccini.org,low
benesserefeed.it,low
comilva.org,low
labiolca.it,low
eurosalus.com,low
informasalus.it,low
lafucina.org,low
laleva.org,low
nuovamedicinagermanica.it,low
mammainrete.blogspot.com,low
medicinenon.it,low
mednat.org,low
vacciniInforma.com,low
vivoinsalute.com,low
aprilamente.info,low
dionidream.com,low
disquisendo.wordpress.com,low
evidenzaliena.wordpress.com,low
ecologiasociale.info,low
eventiavversi.it,low
frasideilibri.com,low
ilmeteo.it,low
meteoweb.eu,low
nexusedizioni.it,low
nonsiamosoli.net,low
pianetablunews.it,low
ricercaIndipendente.net,low
saltoquantico.org,low
scienzaeconoscenza.it,low
segnidalcielo.it,low
